INSERT INTO ADDRESS VALUES('41.200047760610225, -8.666110931002212', 'Farmacia Guifoes', '4460-033', 382, 'Guifoes', 71);
INSERT INTO ADDRESS VALUES('41.16052605020195, -8.643739731003395', 'Farmacia Avenida', '4100-116', 20, 'Porto', 65);
INSERT INTO ADDRESS VALUES('41.167052147386066, -8.611833402167855', 'Farmacia Sa','4200-512',181,'Porto', 126);
INSERT INTO ADDRESS VALUES('41.14838723434146, -8.607988202168457', 'Farmacia Sa da Bandeira','4000-428', 23654, 'Porto', 75);
INSERT INTO ADDRESS VALUES('41.12603448342302, -8.605956231004495', 'Farmacia Couto','4430-193', 1412, 'Vila Nova de Gaia', 99);
INSERT INTO ADDRESS VALUES('41.219727324644275, -8.560865702166243', 'Farmacia Sousa Torres','4425-500', 135, 'Maia', 82);
INSERT INTO ADDRESS VALUES('41.197678306993055, -8.499586302166946', 'Farmacia Marques Da Cunha','4440-539', 98, 'Valongo', 150);
INSERT INTO ADDRESS VALUES('41.16116924992445, -8.53140530216806', 'Farmacia de Fanzeres','4510-554', 280, 'Fanzeres', 89);
INSERT INTO ADDRESS VALUES('41.18996023749872, -8.49788573100252', 'Farmacia Central (Valongo)','4440-452', 57, 'Valongo', 138);

INSERT INTO ADDRESS VALUES('41.23341065031606, -8.621535302165821', 'R. Eng. Duarte Pacheco','4470-308', 2060, 'Maia', 101);
INSERT INTO ADDRESS VALUES('41.14601879807409, -8.594929302168513', 'Rua do Heroismo','4300-256', 329, 'Porto', 93);
INSERT INTO ADDRESS VALUES('41.15457825276801, -8.619147202168257', 'R. de Cedofeita','4050-181', 451, 'Porto', 85);
INSERT INTO ADDRESS VALUES('41.157574895937024, -8.627837002168185', 'Praca de Mouzinho de Albuquerque','4100-359', 113, 'Porto', 84);
INSERT INTO ADDRESS VALUES('41.16781132356748, -8.630172602167843', 'Rua do Lugarinho','4250-116', 324, 'Porto', 94);
INSERT INTO ADDRESS VALUES('41.18238381548179, -8.692305131002772', 'Av. Serpa Pinto','4450-149', 487, 'Matosinhos', 9);
INSERT INTO ADDRESS VALUES('41.18461186537083, -8.682112202167307', 'Rua de Alfredo Cunha','4450-023', 155, 'Matosinhos', 26);
INSERT INTO ADDRESS VALUES('41.15348959669255, -8.60474920216826', 'Rua de Santa Catarina','4000-099', 150, 'Porto', 109);
INSERT INTO ADDRESS VALUES('41.20901618641787, -8.687330002166563', 'Av. Dr. Oscar Lopes','4450-337', 170, 'Leca da Palmeira', 42);
INSERT INTO ADDRESS VALUES('41.180844641433595, -8.65457630216746','R. Sara Afonso','4460-841',23,'Senhora da Hora', 76);
INSERT INTO ADDRESS VALUES('41.16375119479458, -8.584184302167964','R. Bairro do Comercio do Porto','4350-149',149,'Porto', 108);
INSERT INTO ADDRESS VALUES('41.14795619771595, -8.615831802168463','Praca de Carlos Alberto','4050-158',109,'Porto', 85);
INSERT INTO ADDRESS VALUES('41.143678677987744, -8.603381702168607','R. de Alexandre Herculano','4000-051',134,'Porto', 76);
INSERT INTO ADDRESS VALUES('41.133105081245155, -8.608172602168937','R. Jau','4430-999',35,'Vila Nova de Gaia', 69);
INSERT INTO ADDRESS VALUES('41.141466519163245, -8.636453502168676','Praceta de Henrique Moreira','4400-346',244,'Vila Nova de Gaia', 76);
INSERT INTO ADDRESS VALUES('41.18999661616776, -8.497586402167155','Avenida 5 de Outubro','4440-999',154,'Valongo',138);
INSERT INTO ADDRESS VALUES('41.20262338760139, -8.544967202166786','Rua das Macieiras','4445-271',121,'Ermesinde',135);
INSERT INTO ADDRESS VALUES('41.192616962902115, -8.57589350216706','Urbanizacao Maos a Obra','4435-318',6,'Rio Tinto',140);
INSERT INTO ADDRESS VALUES('41.17119779341708, -8.588181502167748','R. das Merces','4200-995',152,'Porto',142);
INSERT INTO ADDRESS VALUES('41.17148474547339, -8.61285680216776','Praca ve De Abril','4200-422',49,'Porto',110);
INSERT INTO ADDRESS VALUES('41.1527678968261, -8.631064331003707','Rua do Campo Alegre','4150-169',254,'Porto',74);
INSERT INTO ADDRESS VALUES('41.17250359317539, -8.654937102167722','Praca Afranio Peixoto','4100-214',100,'Porto',72);
INSERT INTO ADDRESS VALUES('41.1539479966077, -8.547053531003629','R. Pedro Jose Ferreira','4510-706',221,'Fanzeres',82);
INSERT INTO ADDRESS VALUES('41.144293698393085, -8.575221702168568','Rua Faia','4300-526',13,'Porto',9);


INSERT INTO PHARMACY VALUES ('pharGuifoes@gmail.com','41.200047760610225, -8.666110931002212','Farmacia GuifOes');
INSERT INTO PHARMACY VALUES ('pharAvenida@gmail.com','41.16052605020195, -8.643739731003395','Farmacia Avenida');
INSERT INTO PHARMACY VALUES ('pharSa@gmail.com','41.167052147386066, -8.611833402167855','Farmacia Sa');
INSERT INTO PHARMACY VALUES ('pharSaDaBandeira@gmail.com','41.14838723434146, -8.607988202168457','Farmacia Sa da Bandeira');
INSERT INTO PHARMACY VALUES ('pharCouto@gmail.com','41.12603448342302, -8.605956231004495','Farmacia Couto');
INSERT INTO PHARMACY VALUES ('pharSousaTorres@gmail.com','41.219727324644275, -8.560865702166243','Farmacia Sousa Torres');
INSERT INTO PHARMACY VALUES ('pharMarquesDaCunha@gmail.com','41.197678306993055, -8.499586302166946','Farmacia Marques Da Cunha');
INSERT INTO PHARMACY VALUES ('pharFanzeres@gmail.com','41.16116924992445, -8.53140530216806','Farmacia de Fanzeres');
INSERT INTO PHARMACY VALUES ('pharCentralValongo@gmail.com','41.18996023749872, -8.49788573100252','Farmacia Central (Valongo)');

INSERT INTO SCOOTER VALUES (seq_scooter.nextval,'pharGuifoes@gmail.com', 10, 130,350,100,20);
INSERT INTO SCOOTER VALUES (seq_scooter.nextval,'pharGuifoes@gmail.com', 7, 120,320,100,22);
INSERT INTO SCOOTER VALUES (seq_scooter.nextval,'pharGuifoes@gmail.com', 5, 100,300,100,30);
INSERT INTO SCOOTER VALUES (seq_scooter.nextval,'pharGuifoes@gmail.com', 12, 150,360,100,18);
INSERT INTO SCOOTER VALUES (seq_scooter.nextval,'pharGuifoes@gmail.com', 2, 70,250,100,17);
INSERT INTO SCOOTER VALUES (seq_scooter.nextval,'pharGuifoes@gmail.com', 8, 90,280,100,21);
INSERT INTO SCOOTER VALUES (seq_scooter.nextval,'pharAvenida@gmail.com', 15, 180,370,100,19);
INSERT INTO SCOOTER VALUES (seq_scooter.nextval,'pharAvenida@gmail.com', 6, 80,302,100,20);
INSERT INTO SCOOTER VALUES (seq_scooter.nextval,'pharAvenida@gmail.com', 20, 200,400,100,20);
INSERT INTO SCOOTER VALUES (seq_scooter.nextval,'pharAvenida@gmail.com', 13, 162,373,100,22);
INSERT INTO SCOOTER VALUES (seq_scooter.nextval,'pharAvenida@gmail.com', 1, 65,230,100,21);
INSERT INTO SCOOTER VALUES (seq_scooter.nextval,'pharSa@gmail.com', 10, 130,350,100,20);
INSERT INTO SCOOTER VALUES (seq_scooter.nextval,'pharSa@gmail.com', 15, 150,370,100,22);
INSERT INTO SCOOTER VALUES (seq_scooter.nextval,'pharSa@gmail.com', 12, 140,350,100,21);
INSERT INTO SCOOTER VALUES (seq_scooter.nextval,'pharSa@gmail.com', 22, 180,340,100,19);
INSERT INTO SCOOTER VALUES (seq_scooter.nextval,'pharSaDaBandeira@gmail.com', 10, 130,350,100,20);
INSERT INTO SCOOTER VALUES (seq_scooter.nextval,'pharSaDaBandeira@gmail.com', 12, 200,320,100,21);
INSERT INTO SCOOTER VALUES (seq_scooter.nextval,'pharSaDaBandeira@gmail.com', 11, 150,310,100,22);
INSERT INTO SCOOTER VALUES (seq_scooter.nextval,'pharSaDaBandeira@gmail.com', 13, 120,300,100,15);
INSERT INTO SCOOTER VALUES (seq_scooter.nextval,'pharSaDaBandeira@gmail.com', 9, 90,350,100,17);
INSERT INTO SCOOTER VALUES (seq_scooter.nextval,'pharSaDaBandeira@gmail.com', 17, 150,370,100,11);
INSERT INTO SCOOTER VALUES (seq_scooter.nextval,'pharSaDaBandeira@gmail.com', 5, 70,350,100,12);
INSERT INTO SCOOTER VALUES (seq_scooter.nextval,'pharSaDaBandeira@gmail.com', 8, 92,332,100,21);
INSERT INTO SCOOTER VALUES (seq_scooter.nextval,'pharSaDaBandeira@gmail.com', 12, 130,350,100,22);
INSERT INTO SCOOTER VALUES (seq_scooter.nextval,'pharSaDaBandeira@gmail.com', 10, 140,350,100,23);
INSERT INTO SCOOTER VALUES (seq_scooter.nextval,'pharCouto@gmail.com', 10, 130,350,100,20);
INSERT INTO SCOOTER VALUES (seq_scooter.nextval,'pharCouto@gmail.com', 8, 120,330,100,18);
INSERT INTO SCOOTER VALUES (seq_scooter.nextval,'pharCouto@gmail.com', 7, 110,320,100,17);
INSERT INTO SCOOTER VALUES (seq_scooter.nextval,'pharCouto@gmail.com', 11, 140,360,100,21);
INSERT INTO SCOOTER VALUES (seq_scooter.nextval,'pharCouto@gmail.com', 10, 180,250,100,20);
INSERT INTO SCOOTER VALUES (seq_scooter.nextval,'pharSousaTorres@gmail.com', 10, 130,350,100,20);
INSERT INTO SCOOTER VALUES (seq_scooter.nextval,'pharSousaTorres@gmail.com', 20, 170,330,100,21);
INSERT INTO SCOOTER VALUES (seq_scooter.nextval,'pharSousaTorres@gmail.com', 15, 120,320,100,19);
INSERT INTO SCOOTER VALUES (seq_scooter.nextval,'pharSousaTorres@gmail.com', 12, 150,310,100,19);
INSERT INTO SCOOTER VALUES (seq_scooter.nextval,'pharSousaTorres@gmail.com', 8, 112,300,100,30);
INSERT INTO SCOOTER VALUES (seq_scooter.nextval,'pharSousaTorres@gmail.com', 17, 132,312,100,31);
INSERT INTO SCOOTER VALUES (seq_scooter.nextval,'pharSousaTorres@gmail.com', 2, 120,321,100,22);
INSERT INTO SCOOTER VALUES (seq_scooter.nextval,'pharSousaTorres@gmail.com', 13, 178,323,100,21);
INSERT INTO SCOOTER VALUES (seq_scooter.nextval,'pharMarquesDaCunha@gmail.com', 10, 130,350,100,20);
INSERT INTO SCOOTER VALUES (seq_scooter.nextval,'pharMarquesDaCunha@gmail.com', 11, 120,330,100,18);
INSERT INTO SCOOTER VALUES (seq_scooter.nextval,'pharMarquesDaCunha@gmail.com', 12, 150,300,100,17);
INSERT INTO SCOOTER VALUES (seq_scooter.nextval,'pharMarquesDaCunha@gmail.com', 9, 90,250,100,12);
INSERT INTO SCOOTER VALUES (seq_scooter.nextval,'pharMarquesDaCunha@gmail.com', 8, 70,240,100,30);
INSERT INTO SCOOTER VALUES (seq_scooter.nextval,'pharMarquesDaCunha@gmail.com', 10, 130,350,100,21);
INSERT INTO SCOOTER VALUES (seq_scooter.nextval,'pharFanzeres@gmail.com', 10, 130,350,100,20);
INSERT INTO SCOOTER VALUES (seq_scooter.nextval,'pharFanzeres@gmail.com', 10, 130,350,100,20);
INSERT INTO SCOOTER VALUES (seq_scooter.nextval,'pharFanzeres@gmail.com', 10, 130,350,100,20);
INSERT INTO SCOOTER VALUES (seq_scooter.nextval,'pharFanzeres@gmail.com', 10, 130,350,100,20);
INSERT INTO SCOOTER VALUES (seq_scooter.nextval,'pharFanzeres@gmail.com', 10, 130,350,100,20);
INSERT INTO SCOOTER VALUES (seq_scooter.nextval,'pharFanzeres@gmail.com', 10, 130,350,100,20);
INSERT INTO SCOOTER VALUES (seq_scooter.nextval,'pharFanzeres@gmail.com', 10, 130,350,100,20);
INSERT INTO SCOOTER VALUES (seq_scooter.nextval,'pharFanzeres@gmail.com', 10, 130,350,100,20);
INSERT INTO SCOOTER VALUES (seq_scooter.nextval,'pharCentralValongo@gmail.com', 10, 130,350,100,20);
INSERT INTO SCOOTER VALUES (seq_scooter.nextval,'pharCentralValongo@gmail.com', 10, 130,350,100,20);
INSERT INTO SCOOTER VALUES (seq_scooter.nextval,'pharCentralValongo@gmail.com', 12, 140,370,100,21);
INSERT INTO SCOOTER VALUES (seq_scooter.nextval,'pharCentralValongo@gmail.com', 12, 140,370,100,21);
INSERT INTO SCOOTER VALUES (seq_scooter.nextval,'pharCentralValongo@gmail.com', 12, 140,370,100,21);
INSERT INTO SCOOTER VALUES (seq_scooter.nextval,'pharCentralValongo@gmail.com', 10, 130,350,100,20);
INSERT INTO SCOOTER VALUES (seq_scooter.nextval,'pharCentralValongo@gmail.com', 10, 130,350,100,20);


INSERT INTO DRONE VALUES (seq_drone.nextval,'pharCouto@gmail.com',50,50,350,100,5);
INSERT INTO DRONE VALUES (seq_drone.nextval,'pharCouto@gmail.com',50,50,350,100,5);
INSERT INTO DRONE VALUES (seq_drone.nextval,'pharCouto@gmail.com',50,50,350,100,5);
INSERT INTO DRONE VALUES (seq_drone.nextval,'pharCouto@gmail.com',50,50,350,100,5);
INSERT INTO DRONE VALUES (seq_drone.nextval,'pharCouto@gmail.com',50,50,350,100,5);
INSERT INTO DRONE VALUES (seq_drone.nextval,'pharCouto@gmail.com',50,50,350,100,5);
INSERT INTO DRONE VALUES (seq_drone.nextval,'pharCouto@gmail.com',50,50,350,100,5);
INSERT INTO DRONE VALUES (seq_drone.nextval,'pharCouto@gmail.com',50,50,350,100,5);
INSERT INTO DRONE VALUES (seq_drone.nextval,'pharSa@gmail.com',50,50,350,100,5);
INSERT INTO DRONE VALUES (seq_drone.nextval,'pharSa@gmail.com',50,50,350,100,5);
INSERT INTO DRONE VALUES (seq_drone.nextval,'pharSa@gmail.com',50,50,350,100,5);
INSERT INTO DRONE VALUES (seq_drone.nextval,'pharSa@gmail.com',50,50,350,100,5);
INSERT INTO DRONE VALUES (seq_drone.nextval,'pharSa@gmail.com',50,50,350,100,5);
INSERT INTO DRONE VALUES (seq_drone.nextval,'pharSa@gmail.com',50,50,350,100,5);
INSERT INTO DRONE VALUES (seq_drone.nextval,'pharSa@gmail.com',50,50,350,100,5);
INSERT INTO DRONE VALUES (seq_drone.nextval,'pharSa@gmail.com',50,50,350,100,5);
INSERT INTO DRONE VALUES (seq_drone.nextval,'pharGuifoes@gmail.com',50,50,350,100,5);
INSERT INTO DRONE VALUES (seq_drone.nextval,'pharGuifoes@gmail.com',50,50,350,100,5);
INSERT INTO DRONE VALUES (seq_drone.nextval,'pharGuifoes@gmail.com',50,50,350,100,5);
INSERT INTO DRONE VALUES (seq_drone.nextval,'pharGuifoes@gmail.com',50,50,350,100,5);
INSERT INTO DRONE VALUES (seq_drone.nextval,'pharCentralValongo@gmail.com',50,50,350,100,5);
INSERT INTO DRONE VALUES (seq_drone.nextval,'pharCentralValongo@gmail.com',50,50,350,100,5);
INSERT INTO DRONE VALUES (seq_drone.nextval,'pharCentralValongo@gmail.com',50,50,350,100,5);
INSERT INTO DRONE VALUES (seq_drone.nextval,'pharCentralValongo@gmail.com',50,50,350,100,5);
INSERT INTO DRONE VALUES (seq_drone.nextval,'pharCentralValongo@gmail.com',50,50,350,100,5);
INSERT INTO DRONE VALUES (seq_drone.nextval,'pharCentralValongo@gmail.com',50,50,350,100,5);
INSERT INTO DRONE VALUES (seq_drone.nextval,'pharCentralValongo@gmail.com',50,50,350,100,5);
INSERT INTO DRONE VALUES (seq_drone.nextval,'pharMarquesDaCunha@gmail.com',50,50,350,100,5);
INSERT INTO DRONE VALUES (seq_drone.nextval,'pharMarquesDaCunha@gmail.com',50,50,350,100,5);
INSERT INTO DRONE VALUES (seq_drone.nextval,'pharMarquesDaCunha@gmail.com',50,50,350,100,5);



INSERT INTO PRODUCT VALUES (seq_product.nextval, 'Roche', 'Suica',48,0.2);
INSERT INTO PRODUCT VALUES (seq_product.nextval, 'Novartis', 'Suica',46,0.1);
INSERT INTO PRODUCT VALUES (seq_product.nextval, 'Pfizer', 'EUA',43,0.4);
INSERT INTO PRODUCT VALUES (seq_product.nextval, 'Merck', 'Alemanha',40,0.6);
INSERT INTO PRODUCT VALUES (seq_product.nextval, 'JohnsonJohnson', 'EUA',40,0.2);
INSERT INTO PRODUCT VALUES (seq_product.nextval, 'Sanofi', 'Franca',30,1);


INSERT INTO USERR VALUES ('Pedro Barbosa','clientPedroBarbosa@gmail.com','123');
INSERT INTO USERR VALUES ('Joao Paulo','clientJoaoPaulo@gmail.com','123');
INSERT INTO USERR VALUES ('Joao Osorio','clientJoaoOsorio@gmail.com','123');
INSERT INTO USERR VALUES ('Rui Soares','clientRuiSoares@gmail.com','123');
INSERT INTO USERR VALUES ('Diogo Domingues','clientDiogoDomingues@gmail.com','123');
INSERT INTO USERR VALUES ('Goncalo Jordao','clientGoncaloJordao@gmail.com','123');
INSERT INTO USERR VALUES ('Bruno Silva','clientBrunoSilva@gmail.com','123');
INSERT INTO USERR VALUES ('Ricardo Mesquita','clientRicardoMesquita@gmail.com','123');
INSERT INTO USERR VALUES ('Sergio Oliveira','clientSergioOliveira@gmail.com','123');
INSERT INTO USERR VALUES ('Sergio Conceicao','clientSergioConceicao@gmail.com','123');
INSERT INTO USERR VALUES ('Nuno Tavares','clientNunoTavares@gmail.com','123');
INSERT INTO USERR VALUES ('Rafael Silva','clientRafaelSilva@gmail.com','123');
INSERT INTO USERR VALUES ('Pedro Goncalves','clientPedroGoncalves@gmail.com','123');
INSERT INTO USERR VALUES ('Joao Moutinho','clientJoaoMoutinho@gmail.com','123');
INSERT INTO USERR VALUES ('Afonso Figueiredo','clientAfonsoFigueiredo@gmail.com','123');
INSERT INTO USERR VALUES ('Tiago Sampaio','clientTiagoSampaio@gmail.com','123');
INSERT INTO USERR VALUES ('Jorge Dias','clientJorgeDias@gmail.com','123');
INSERT INTO USERR VALUES ('Ricardo Pinto','clientRicardoPinto@gmail.com','123');
INSERT INTO USERR VALUES ('Beatriz Alves','clientBeatrizAlves@gmail.com','123');
INSERT INTO USERR VALUES ('Joana Rodrigues','clientJoanaRodrigues@gmail.com','123');
INSERT INTO USERR VALUES ('Ana Gomes','clientAnaGomes@gmail.com','123');
INSERT INTO USERR VALUES ('Carolina Guedes','clientCarolinaGuedes@gmail.com','123');
INSERT INTO USERR VALUES ('Mariana Pinto','clientMarianaPinto@gmail.com','123');
INSERT INTO USERR VALUES ('Maria Silva','clientMariaSilva@gmail.com','123');
INSERT INTO USERR VALUES ('Leonor Seixas','courierLeonorSeixas@gmail.com','123');
INSERT INTO USERR VALUES ('Alcides Salgado','courierAlcidesSalgado@gmail.com','123');
INSERT INTO USERR VALUES ('Amilcar Araujo','courierAmilcarAraujo@gmail.com','123');
INSERT INTO USERR VALUES ('Armando Castilhos','courierArmandoCastilhos@gmail.com','123');
INSERT INTO USERR VALUES ('Carlos Fidalgo','courierCarlosFidalgo@gmail.com','123');
INSERT INTO USERR VALUES ('Emilia Frade','courierEmiliaFrade@gmail.com','123');
INSERT INTO USERR VALUES ('Iara Ramallo','courierIaraRamallo@gmail.com','123');
INSERT INTO USERR VALUES ('Nelson Sobral','courierNelsonSobral@gmail.com','123');
INSERT INTO USERR VALUES ('Pandora Castilho','courierPandoraCastilho@gmail.com','123');
INSERT INTO USERR VALUES ('Aires Falcao','courierAiresFalcao@gmail.com','123');
INSERT INTO USERR VALUES ('Alberta Negreiros','courierAlbertaNegreiros@gmail.com','123');
INSERT INTO USERR VALUES ('Alexandra Sucupira','courierAlexandraSucupira@gmail.com','123');
INSERT INTO USERR VALUES ('Alipio Canto','courierAlipioCanto@gmail.com','123');
INSERT INTO USERR VALUES ('Antao Magalhaes','courierAntaoMagalhaes@gmail.com','123');
INSERT INTO USERR VALUES ('Antonio Nunes','courierAntonioNunes@gmail.com','123');
INSERT INTO USERR VALUES ('Benedita Reino','courierBeneditaReino@gmail.com','123');
INSERT INTO USERR VALUES ('Bernardina Vilaverde','courierBernardinaVilaverde@gmail.com','123');
INSERT INTO USERR VALUES ('Barbara Mattos','courierBarbaraMattos@gmail.com','123');
INSERT INTO USERR VALUES ('Carlota Belem','courierCarlotaBelem@gmail.com','123');
INSERT INTO USERR VALUES ('Cristovao SantAnna','courierCristovaoSantAnna@gmail.com','123');
INSERT INTO USERR VALUES ('Candido Flores','courierCandidoFlores@gmail.com','123');
INSERT INTO USERR VALUES ('Daniel Villas Boas','courierDanielVillasBoas@gmail.com','123');
INSERT INTO USERR VALUES ('Dalila Vale','courierDalilaVale@gmail.com','123');
INSERT INTO USERR VALUES ('Daniela Peseiro','courierDanielaPeseiro@gmail.com','123');
INSERT INTO USERR VALUES ('Deolinda Chaves','courierDeolindaChaves@gmail.com','123');
INsert Into Userr Values ('Emidio Cabrera','courierEmidioCabrera@gmail.com','123');
INSERT INTO USERR VALUES ('Fabiana Cambezes','courierFabianaCambezes@gmail.com','123');
INSERT INTO USERR VALUES ('Fabio Abrantes','courierFabioAbrantes@gmail.com','123');
INSERT INTO USERR VALUES ('Gisela Vieira','courierGiselaVieira@gmail.com','123');
INSERT INTO USERR VALUES ('Guilhermina Benavides','courierGuilherminaBenavides@gmail.com','123');
INSERT INTO USERR VALUES ('Julio Lameiras','courierJulioLameiras@gmail.com','123');
INSERT INTO USERR VALUES ('Lucilia Tristao','courierLuciliaTristao@gmail.com','123');
INSERT INTO USERR VALUES ('Manuela Quintal','courierManuelaQuintal@gmail.com','123');
INSERT INTO USERR VALUES ('Margarida Bessa','courierMargaridaBessa@gmail.com','123');
INSERT INTO USERR VALUES ('Marina Barata','courierMarinaBarata@gmail.com','123');
INSERT INTO USERR VALUES ('Marilia Melo','courierMariliaMelo@gmail.com','123');
INSERT INTO USERR VALUES ('Maura Bessa','courierMauraBessa@gmail.com','123');
INSERT INTO USERR VALUES ('Mario Bairros','courierMarioBairros@gmail.com','123');
INSERT INTO USERR VALUES ('Oscar Maia','courierOscarMaia@gmail.com','123');
INSERT INTO USERR VALUES ('Palmiro Fragoso','courierPalmiroFragoso@gmail.com','123');
INSERT INTO USERR VALUES ('Quintino Cartaxo','courierQuintinoCartaxo@gmail.com','123');
INSERT INTO USERR VALUES ('Romulo Pedrozo','courierRomuloPedrozo@gmail.com','123');
INSERT INTO USERR VALUES ('Ruben Goncalves','courierRubenGoncalves@gmail.com','123');
INSERT INTO USERR VALUES ('Saul Palma','courierSaulPalma@gmail.com','123');
INSERT INTO USERR VALUES ('Tiago Nascimento','courierTiagoNascimento@gmail.com','123');
INSERT INTO USERR VALUES ('Valentina Figueiredo','courierValentinaFigueiredo@gmail.com','123');
INSERT INTO USERR VALUES ('Valeria Muniz','courierValeriaMuniz@gmail.com','123');
INSERT INTO USERR VALUES ('Vicente Belem','courierVicenteBelem@gmail.com','123');
INSERT INTO USERR VALUES ('Virgilia Camilo','courierVirgiliaCamilo@gmail.com','123');
INSERT INTO USERR VALUES ('Xico Camilo','courierXicoCamilo@gmail.com','123');
INSERT INTO USERR VALUES ('Zilda Pereira','courierZildaPereira@gmail.com','123');
INSERT INTO USERR VALUES ('Alvaro Abrantes','courierAlvaroAbrantes@gmail.com','123');
INSERT INTO USERR VALUES ('Atila Mena','courierAtilaMena@gmail.com','123');
INSERT INTO USERR VALUES ('Vania Cardoso','courierVaniaCardoso@gmail.com','123');


INSERT INTO CLIENTT VALUES('clientPedroBarbosa@gmail.com','41.23341065031606, -8.621535302165821',1231231233231111,TO_DATE('2022-02-01','YYYY-MM-DD'),123,0);
INSERT INTO CLIENTT VALUES('clientJoaoPaulo@gmail.com','41.14601879807409, -8.594929302168513',1233231231232111,TO_DATE('2023-02-01','YYYY-MM-DD'),321,0);
INSERT INTO CLIENTT VALUES('clientJoaoOsorio@gmail.com','41.15457825276801, -8.619147202168257',3231231231232111,TO_DATE('2024-02-01','YYYY-MM-DD'),456,0);
INSERT INTO CLIENTT VALUES('clientRuiSoares@gmail.com','41.157574895937024, -8.627837002168185',2231231231232111,TO_DATE('2021-05-02','YYYY-MM-DD'),789,0);
INSERT INTO CLIENTT VALUES('clientDiogoDomingues@gmail.com','41.16781132356748, -8.630172602167843',1221231231232111,TO_DATE('2021-07-06','YYYY-MM-DD'),199,0);
INSERT INTO CLIENTT VALUES('clientGoncaloJordao@gmail.com','41.18238381548179, -8.692305131002772',1234231231232111,TO_DATE('2022-04-09','YYYY-MM-DD'),334,0);
INSERT INTO CLIENTT VALUES('clientBrunoSilva@gmail.com','41.18461186537083, -8.682112202167307',1231251231232111,TO_DATE('2022-02-05','YYYY-MM-DD'),497,0);
INSERT INTO CLIENTT VALUES('clientRicardoMesquita@gmail.com','41.15348959669255, -8.60474920216826',1231236231232111,TO_DATE('2023-02-09','YYYY-MM-DD'),297,0);

INSERT INTO CLIENTT VALUES('clientSergioOliveira@gmail.com','41.20901618641787, -8.687330002166563',1231231239932111,TO_DATE('2023-02-01','YYYY-MM-DD'),661,0);
INSERT INTO CLIENTT VALUES('clientSergioConceicao@gmail.com','41.180844641433595, -8.65457630216746',1236631231232111,TO_DATE('2024-02-01','YYYY-MM-DD'),921,0);
INSERT INTO CLIENTT VALUES('clientNunoTavares@gmail.com','41.16375119479458, -8.584184302167964',1231231231662111,TO_DATE('2022-06-01','YYYY-MM-DD'),821,40);
INSERT INTO CLIENTT VALUES('clientRafaelSilva@gmail.com','41.14795619771595, -8.615831802168463',1231231441232111,TO_DATE('2020-09-01','YYYY-MM-DD'),721,30);
INSERT INTO CLIENTT VALUES('clientPedroGoncalves@gmail.com','41.143678677987744, -8.603381702168607',1231231231002111,TO_DATE('2023-07-01','YYYY-MM-DD'),521,0);
INSERT INTO CLIENTT VALUES('clientJoaoMoutinho@gmail.com','41.133105081245155, -8.608172602168937',1231231231232111,TO_DATE('2020-02-01','YYYY-MM-DD'),421,0);
INSERT INTO CLIENTT VALUES('clientAfonsoFigueiredo@gmail.com','41.141466519163245, -8.636453502168676',1231551231232111,TO_DATE('2020-02-01','YYYY-MM-DD'),265,0);
INSERT INTO CLIENTT VALUES('clientTiagoSampaio@gmail.com','41.18999661616776, -8.497586402167155',1231231288232111,TO_DATE('2025-08-01','YYYY-MM-DD'),344,20);
INSERT INTO CLIENTT VALUES('clientJorgeDias@gmail.com','41.20262338760139, -8.544967202166786',1231288231232111,TO_DATE('2025-02-01','YYYY-MM-DD'),343,0);
INSERT INTO CLIENTT VALUES('clientRicardoPinto@gmail.com','41.192616962902115, -8.57589350216706',1888231231232111,TO_DATE('2025-02-01','YYYY-MM-DD'),323,0);
INSERT INTO CLIENTT VALUES('clientBeatrizAlves@gmail.com','41.17119779341708, -8.588181502167748',1231288831232111,TO_DATE('2024-02-01','YYYY-MM-DD'),332,0);
INSERT INTO CLIENTT VALUES('clientJoanaRodrigues@gmail.com','41.17148474547339, -8.61285680216776',1231288231232111,TO_DATE('2024-02-01','YYYY-MM-DD'),322,0);
INSERT INTO CLIENTT VALUES('clientAnaGomes@gmail.com','41.1527678968261, -8.631064331003707',1231231238832111,TO_DATE('2024-02-01','YYYY-MM-DD'),198,0);
INSERT INTO CLIENTT VALUES('clientCarolinaGuedes@gmail.com','41.17250359317539, -8.654937102167722',1231288231232111,TO_DATE('2024-02-01','YYYY-MM-DD'),361,10);
INSERT INTO CLIENTT VALUES('clientMarianaPinto@gmail.com','41.1539479966077, -8.547053531003629',1231231881232111,TO_DATE('2024-02-01','YYYY-MM-DD'),861,0);
INSERT INTO CLIENTT VALUES('clientMariaSilva@gmail.com','41.144293698393085, -8.575221702168568',1231288231232111,TO_DATE('2024-02-01','YYYY-MM-DD'),451,0);


INSERT INTO COURIER VALUES (123123123,'pharGuifoes@gmail.com','courierLeonorSeixas@gmail.com',933421765,12345678912,'Available');
INSERT INTO COURIER VALUES (123123444,'pharGuifoes@gmail.com','courierAlcidesSalgado@gmail.com',933421765,12345678912,'Available');
INSERT INTO COURIER VALUES (123443123,'pharGuifoes@gmail.com','courierAmilcarAraujo@gmail.com',933421765,12345678912,'Available');
INSERT INTO COURIER VALUES (123223123,'pharGuifoes@gmail.com','courierArmandoCastilhos@gmail.com',933421765,12345678912,'Available');
INSERT INTO COURIER VALUES (123188123,'pharGuifoes@gmail.com','courierCarlosFidalgo@gmail.com',933421765,12345678912,'Available');
INSERT INTO COURIER VALUES (123663123,'pharGuifoes@gmail.com','courierEmiliaFrade@gmail.com',933421765,12345678912,'Available');
INSERT INTO COURIER VALUES (177723123,'pharAvenida@gmail.com','courierIaraRamallo@gmail.com',933421765,12345678912,'Available');
INSERT INTO COURIER VALUES (777123123,'pharAvenida@gmail.com','courierNelsonSobral@gmail.com',933421765,12345678912,'Available');
INSERT INTO COURIER VALUES (199923123,'pharAvenida@gmail.com','courierPandoraCastilho@gmail.com',933421765,12345678912,'Available');
INSERT INTO COURIER VALUES (193123123,'pharAvenida@gmail.com','courierAiresFalcao@gmail.com',933421765,12345678912,'Available');
INSERT INTO COURIER VALUES (127723123,'pharAvenida@gmail.com','courierAlbertaNegreiros@gmail.com',933421765,12345678912,'Available');
INSERT INTO COURIER VALUES (123189123,'pharAvenida@gmail.com','courierAlexandraSucupira@gmail.com',933421765,12345678912,'Available');
INSERT INTO COURIER VALUES (763123123,'pharSa@gmail.com','courierAlipioCanto@gmail.com',933421765,12345678912,'Available');
INSERT INTO COURIER VALUES (124443123,'pharSa@gmail.com','courierAntaoMagalhaes@gmail.com',933421765,12345678912,'Available');
INSERT INTO COURIER VALUES (123123888,'pharSa@gmail.com','courierAntonioNunes@gmail.com',933421765,12345678912,'Available');
INSERT INTO COURIER VALUES (123123423,'pharSa@gmail.com','courierBeneditaReino@gmail.com',933421765,12345678912,'Available');
INSERT INTO COURIER VALUES (120433123,'pharSa@gmail.com','courierBernardinaVilaverde@gmail.com',933421765,12345678912,'Available');
INSERT INTO COURIER VALUES (123156423,'pharSa@gmail.com','courierBarbaraMattos@gmail.com',933421765,12345678912,'Available');
INSERT INTO COURIER VALUES (123198723,'pharSaDaBandeira@gmail.com','courierCarlotaBelem@gmail.com',933421765,12345678912,'Available');
INSERT INTO COURIER VALUES (198763123,'pharSaDaBandeira@gmail.com','courierCristovaoSantAnna@gmail.com',933421765,12345678912,'Available');
INSERT INTO COURIER VALUES (123543123,'pharSaDaBandeira@gmail.com','courierCandidoFlores@gmail.com',933421765,12345678912,'Available');
INSERT INTO COURIER VALUES (129484123,'pharSaDaBandeira@gmail.com','courierDanielVillasBoas@gmail.com',933421765,12345678912,'Available');
INSERT INTO COURIER VALUES (238928398,'pharSaDaBandeira@gmail.com','courierDalilaVale@gmail.com',933421765,12345678912,'Available');
INSERT INTO COURIER VALUES (123134123,'pharSaDaBandeira@gmail.com','courierDanielaPeseiro@gmail.com',933421765,12345678912,'Available');
INSERT INTO COURIER VALUES (123323123,'pharCouto@gmail.com','courierDeolindaChaves@gmail.com',933421765,12345678912,'Available');
INSERT INTO COURIER VALUES (120003123,'pharCouto@gmail.com','courierEmidioCabrera@gmail.com',933421765,12345678912,'Available');
INSERT INTO COURIER VALUES (123030123,'pharCouto@gmail.com','courierFabianaCambezes@gmail.com',933421765,12345678912,'Available');
INSERT INTO COURIER VALUES (123198123,'pharCouto@gmail.com','courierFabioAbrantes@gmail.com',933421765,12345678912,'Available');
INSERT INTO COURIER VALUES (122323123,'pharCouto@gmail.com','courierGiselaVieira@gmail.com',933421765,12345678912,'Available');
INSERT INTO COURIER VALUES (123098723,'pharCouto@gmail.com','courierGuilherminaBenavides@gmail.com',933421765,12345678912,'Available');
INSERT INTO COURIER VALUES (237672627,'pharSousaTorres@gmail.com','courierJulioLameiras@gmail.com',933421765,12345678912,'Available');
INSERT INTO COURIER VALUES (123094123,'pharSousaTorres@gmail.com','courierLuciliaTristao@gmail.com',933421765,12345678912,'Available');
INSERT INTO COURIER VALUES (123129823,'pharSousaTorres@gmail.com','courierManuelaQuintal@gmail.com',933421765,12345678912,'Available');
INSERT INTO COURIER VALUES (127123123,'pharSousaTorres@gmail.com','courierMargaridaBessa@gmail.com',933421765,12345678912,'Available');
INSERT INTO COURIER VALUES (123198423,'pharSousaTorres@gmail.com','courierMarinaBarata@gmail.com',933421765,12345678912,'Available');
INSERT INTO COURIER VALUES (123423123,'pharSousaTorres@gmail.com','courierMariliaMelo@gmail.com',933421765,12345678912,'Available');
INSERT INTO COURIER VALUES (273647232,'pharMarquesDaCunha@gmail.com','courierMauraBessa@gmail.com',933421765,12345678912,'Available');
INSERT INTO COURIER VALUES (123883123,'pharMarquesDaCunha@gmail.com','courierMarioBairros@gmail.com',933421765,12345678912,'Available');
INSERT INTO COURIER VALUES (123993123,'pharMarquesDaCunha@gmail.com','courierOscarMaia@gmail.com',933421765,12345678912,'Available');
INSERT INTO COURIER VALUES (953123123,'pharMarquesDaCunha@gmail.com','courierPalmiroFragoso@gmail.com',933421765,12345678912,'Available');
INSERT INTO COURIER VALUES (742837827,'pharMarquesDaCunha@gmail.com','courierQuintinoCartaxo@gmail.com',933421765,12345678912,'Available');
INSERT INTO COURIER VALUES (284726372,'pharMarquesDaCunha@gmail.com','courierRomuloPedrozo@gmail.com',933421765,12345678912,'Available');
INSERT INTO COURIER VALUES (983627647,'pharFanzeres@gmail.com','courierRubenGoncalves@gmail.com',933421765,12345678912,'Available');
INSERT INTO COURIER VALUES (637468288,'pharFanzeres@gmail.com','courierSaulPalma@gmail.com',933421765,12345678912,'Available');
INSERT INTO COURIER VALUES (738383874,'pharFanzeres@gmail.com','courierTiagoNascimento@gmail.com',933421765,12345678912,'Available');
INSERT INTO COURIER VALUES (283774832,'pharFanzeres@gmail.com','courierValentinaFigueiredo@gmail.com',933421765,12345678912,'Available');
INSERT INTO COURIER VALUES (382793028,'pharFanzeres@gmail.com','courierValeriaMuniz@gmail.com',933421765,12345678912,'Available');
INSERT INTO COURIER VALUES (237388383,'pharFanzeres@gmail.com','courierVicenteBelem@gmail.com',933421765,12345678912,'Available');
INSERT INTO COURIER VALUES (393774937,'pharCentralValongo@gmail.com','courierVirgiliaCamilo@gmail.com',933421765,12345678912,'Available');
INSERT INTO COURIER VALUES (482938787,'pharCentralValongo@gmail.com','courierXicoCamilo@gmail.com',933421765,12345678912,'Available');
INSERT INTO COURIER VALUES (293838383,'pharCentralValongo@gmail.com','courierZildaPereira@gmail.com',933421765,12345678912,'Available');
INSERT INTO COURIER VALUES (283838832,'pharCentralValongo@gmail.com','courierAlvaroAbrantes@gmail.com',933421765,12345678912,'Available');
INSERT INTO COURIER VALUES (283764638,'pharCentralValongo@gmail.com','courierAtilaMena@gmail.com',933421765,12345678912,'Available');
INSERT INTO COURIER VALUES (438284782,'pharCentralValongo@gmail.com','courierVaniaCardoso@gmail.com',933421765,12345678912,'Available');

INSERT INTO ORDERR VALUES(seq_orderr.nextval,88,NULL,'clientSergioOliveira@gmail.com','pharGuifoes@gmail.com');
INSERT INTO ORDERR VALUES(seq_orderr.nextval,86,NULL,'clientBrunoSilva@gmail.com','pharGuifoes@gmail.com');
INSERT INTO ORDERR VALUES(seq_orderr.nextval,43,NULL,'clientGoncaloJordao@gmail.com','pharGuifoes@gmail.com');
INSERT INTO ORDERR VALUES(seq_orderr.nextval,30,NULL,'clientRuiSoares@gmail.com','pharAvenida@gmail.com');
INSERT INTO ORDERR VALUES(seq_orderr.nextval,30,NULL,'clientAnaGomes@gmail.com','pharAvenida@gmail.com');
INSERT INTO ORDERR VALUES(seq_orderr.nextval,30,NULL,'clientDiogoDomingues@gmail.com','pharAvenida@gmail.com');
INSERT INTO ORDERR VALUES(seq_orderr.nextval,30,NULL,'clientJoanaRodrigues@gmail.com','pharSa@gmail.com');
INSERT INTO ORDERR VALUES(seq_orderr.nextval,30,NULL,'clientBeatrizAlves@gmail.com','pharSa@gmail.com');
INSERT INTO ORDERR VALUES(seq_orderr.nextval,30,NULL,'clientJoaoOsorio@gmail.com','pharSa@gmail.com');
INSERT INTO ORDERR VALUES(seq_orderr.nextval,30,NULL,'clientRafaelSilva@gmail.com','pharSaDaBandeira@gmail.com');
INSERT INTO ORDERR VALUES(seq_orderr.nextval,30,NULL,'clientRicardoMesquita@gmail.com','pharSaDaBandeira@gmail.com');
INSERT INTO ORDERR VALUES(seq_orderr.nextval,30,NULL,'clientPedroGoncalves@gmail.com','pharSaDaBandeira@gmail.com');
INSERT INTO ORDERR VALUES(seq_orderr.nextval,30,NULL,'clientJoaoMoutinho@gmail.com','pharCouto@gmail.com');
INSERT INTO ORDERR VALUES(seq_orderr.nextval,30,NULL,'clientPedroBarbosa@gmail.com','pharSousaTorres@gmail.com');
INSERT INTO ORDERR VALUES(seq_orderr.nextval,30,NULL,'clientRicardoPinto@gmail.com','pharSousaTorres@gmail.com');
INSERT INTO ORDERR VALUES(seq_orderr.nextval,30,NULL,'clientJorgeDias@gmail.com','pharMarquesDaCunha@gmail.com');
INSERT INTO ORDERR VALUES(seq_orderr.nextval,30,NULL,'clientNunoTavares@gmail.com','pharFanzeres@gmail.com');
INSERT INTO ORDERR VALUES(seq_orderr.nextval,30,NULL,'clientMariaSilva@gmail.com','pharFanzeres@gmail.com');
INSERT INTO ORDERR VALUES(seq_orderr.nextval,30,NULL,'clientMarianaPinto@gmail.com','pharFanzeres@gmail.com');
INSERT INTO ORDERR VALUES(seq_orderr.nextval,30,NULL,'clientTiagoSampaio@gmail.com','pharCentralValongo@gmail.com');


INSERT INTO PRODUCT_ORDER VALUES(1,5,1);
INSERT INTO PRODUCT_ORDER VALUES(1,2,1);
INSERT INTO PRODUCT_ORDER VALUES(5,5,2);
INSERT INTO PRODUCT_ORDER VALUES(2,2,3);

INSERT INTO PRODUCT_ORDER VALUES(2,3,4);
INSERT INTO PRODUCT_ORDER VALUES(2,2,5);
INSERT INTO PRODUCT_ORDER VALUES(1,3,6);
INSERT INTO PRODUCT_ORDER VALUES(1,4,6);
INSERT INTO PRODUCT_ORDER VALUES(1,2,6);

INSERT INTO PRODUCT_ORDER VALUES(2,5,7);
INSERT INTO PRODUCT_ORDER VALUES(3,5,8);
INSERT INTO PRODUCT_ORDER VALUES(1,1,9);

INSERT INTO PRODUCT_ORDER VALUES(2,4,10);
INSERT INTO PRODUCT_ORDER VALUES(2,5,11);
INSERT INTO PRODUCT_ORDER VALUES(2,5,12);
INSERT INTO PRODUCT_ORDER VALUES(1,4,12);

INSERT INTO PRODUCT_ORDER VALUES(2,3,13);
INSERT INTO PRODUCT_ORDER VALUES(2,5,13);
INSERT INTO PRODUCT_ORDER VALUES(1,6,13);

INSERT INTO PRODUCT_ORDER VALUES(1,2,14);
INSERT INTO PRODUCT_ORDER VALUES(1,1,15);
INSERT INTO PRODUCT_ORDER VALUES(2,2,15);

INSERT INTO PRODUCT_ORDER VALUES(5,1,16);

INSERT INTO PRODUCT_ORDER VALUES(3,1,17);
INSERT INTO PRODUCT_ORDER VALUES(7,2,18);
INSERT INTO PRODUCT_ORDER VALUES(1,4,19);
INSERT INTO PRODUCT_ORDER VALUES(2,3,19);
INSERT INTO PRODUCT_ORDER VALUES(2,1,19);

INSERT INTO PRODUCT_ORDER VALUES(1,6,20);

INSERT INTO PARK VALUES(seq_park.nextval,'pharGuifoes@gmail.com','scooter',6,4000);
INSERT INTO PARK VALUES(seq_park.nextval,'pharGuifoes@gmail.com','drone',6,4000);
INSERT INTO PARK VALUES(seq_park.nextval,'pharAvenida@gmail.com','scooter',10,4000);
INSERT INTO PARK VALUES(seq_park.nextval,'pharSa@gmail.com','scooter',10,4500);
INSERT INTO PARK VALUES(seq_park.nextval,'pharSa@gmail.com','drone',10,4500);
INSERT INTO PARK VALUES(seq_park.nextval,'pharSaDaBandeira@gmail.com','scooter',10,4000);
INSERT INTO PARK VALUES(seq_park.nextval,'pharCouto@gmail.com','scooter',10,4000);
INSERT INTO PARK VALUES(seq_park.nextval,'pharCouto@gmail.com','drone',10,3500);
INSERT INTO PARK VALUES(seq_park.nextval,'pharSousaTorres@gmail.com','scooter',10,4000);
INSERT INTO PARK VALUES(seq_park.nextval,'pharMarquesDaCunha@gmail.com','scooter',10,4000);
INSERT INTO PARK VALUES(seq_park.nextval,'pharMarquesDaCunha@gmail.com','drone',5,3000);
INSERT INTO PARK VALUES(seq_park.nextval,'pharFanzeres@gmail.com','scooter',10,4000);
INSERT INTO PARK VALUES(seq_park.nextval,'pharCentralValongo@gmail.com','scooter',10,4000);
INSERT INTO PARK VALUES(seq_park.nextval,'pharCentralValongo@gmail.com','drone',8,3700);

INSERT INTO PHARMACYPRODUCT VALUES (5,'pharGuifoes@gmail.com',7);
INSERT INTO PHARMACYPRODUCT VALUES (2,'pharGuifoes@gmail.com',2);
INSERT INTO PHARMACYPRODUCT VALUES (2,'pharAvenida@gmail.com',1);
INSERT INTO PHARMACYPRODUCT VALUES (3,'pharAvenida@gmail.com',5);
INSERT INTO PHARMACYPRODUCT VALUES (4,'pharAvenida@gmail.com',3);
INSERT INTO PHARMACYPRODUCT VALUES (1,'pharSa@gmail.com',1);
INSERT INTO PHARMACYPRODUCT VALUES (5,'pharSa@gmail.com',4);
INSERT INTO PHARMACYPRODUCT VALUES (4,'pharSaDaBandeira@gmail.com',2);
INSERT INTO PHARMACYPRODUCT VALUES (5,'pharSaDaBandeira@gmail.com',3);
INSERT INTO PHARMACYPRODUCT VALUES (6,'pharSaDaBandeira@gmail.com',4);
INSERT INTO PHARMACYPRODUCT VALUES (3,'pharCouto@gmail.com',2);
INSERT INTO PHARMACYPRODUCT VALUES (5,'pharCouto@gmail.com',1);
INSERT INTO PHARMACYPRODUCT VALUES (6,'pharCouto@gmail.com',2);
INSERT INTO PHARMACYPRODUCT VALUES (1,'pharSousaTorres@gmail.com',10);
INSERT INTO PHARMACYPRODUCT VALUES (2,'pharSousaTorres@gmail.com',10);
INSERT INTO PHARMACYPRODUCT VALUES (1,'pharMarquesDaCunha@gmail.com',25);
INSERT INTO PHARMACYPRODUCT VALUES (1,'pharFanzeres@gmail.com',8);
INSERT INTO PHARMACYPRODUCT VALUES (2,'pharFanzeres@gmail.com',10);
INSERT INTO PHARMACYPRODUCT VALUES (3,'pharFanzeres@gmail.com',2);
INSERT INTO PHARMACYPRODUCT VALUES (4,'pharFanzeres@gmail.com',4);
INSERT INTO PHARMACYPRODUCT VALUES (5,'pharFanzeres@gmail.com',1);
INSERT INTO PHARMACYPRODUCT VALUES (6,'pharCentralValongo@gmail.com',7);


INSERT INTO SPOT VALUES(seq_spot.nextval,1,'yes',1,NULL);

INSERT INTO SPOT VALUES(seq_spot.nextval,2,'yes',NULL,17);
INSERT INTO SPOT VALUES(seq_spot.nextval,2,'yes',NULL,18);
INSERT INTO SPOT VALUES(seq_spot.nextval,2,'yes',NULL,19);
INSERT INTO SPOT VALUES(seq_spot.nextval,2,'no',NULL,20);
INSERT INTO SPOT VALUES(seq_spot.nextval,2,'yes',NULL,NULL);
INSERT INTO SPOT VALUES(seq_spot.nextval,2,'no',NULL,NULL);

INSERT INTO SPOT VALUES(seq_spot.nextval,5,'no',NULL,9);
INSERT INTO SPOT VALUES(seq_spot.nextval,5,'yes',NULL,10);
INSERT INTO SPOT VALUES(seq_spot.nextval,5,'yes',NULL,11);
INSERT INTO SPOT VALUES(seq_spot.nextval,5,'no',NULL,12);
INSERT INTO SPOT VALUES(seq_spot.nextval,5,'yes',NULL,13);
INSERT INTO SPOT VALUES(seq_spot.nextval,5,'yes',NULL,14);
INSERT INTO SPOT VALUES(seq_spot.nextval,5,'no',NULL,15);
INSERT INTO SPOT VALUES(seq_spot.nextval,5,'yes',NULL,16);
INSERT INTO SPOT VALUES(seq_spot.nextval,5,'no',NULL,NULL);
INSERT INTO SPOT VALUES(seq_spot.nextval,5,'yes',NULL,NULL);

INSERT INTO SPOT VALUES(seq_spot.nextval,8,'yes',NULL,1);
INSERT INTO SPOT VALUES(seq_spot.nextval,8,'yes',NULL,2);
INSERT INTO SPOT VALUES(seq_spot.nextval,8,'yes',NULL,3);
INSERT INTO SPOT VALUES(seq_spot.nextval,8,'no',NULL,4);
INSERT INTO SPOT VALUES(seq_spot.nextval,8,'yes',NULL,5);
INSERT INTO SPOT VALUES(seq_spot.nextval,8,'yes',NULL,6);
INSERT INTO SPOT VALUES(seq_spot.nextval,8,'no',NULL,7);
INSERT INTO SPOT VALUES(seq_spot.nextval,8,'no',NULL,8);
INSERT INTO SPOT VALUES(seq_spot.nextval,8,'yes',NULL,NULL);
INSERT INTO SPOT VALUES(seq_spot.nextval,8,'no',NULL,NULL);

INSERT INTO SPOT VALUES(seq_spot.nextval,11,'yes',NULL,28);
INSERT INTO SPOT VALUES(seq_spot.nextval,11,'no',NULL,29);
INSERT INTO SPOT VALUES(seq_spot.nextval,11,'yes',NULL,30);
INSERT INTO SPOT VALUES(seq_spot.nextval,11,'no',NULL,NULL);
INSERT INTO SPOT VALUES(seq_spot.nextval,11,'yes',NULL,NULL);

INSERT INTO SPOT VALUES(seq_spot.nextval,14,'yes',NULL,21);
INSERT INTO SPOT VALUES(seq_spot.nextval,14,'yes',NULL,22);
INSERT INTO SPOT VALUES(seq_spot.nextval,14,'no',NULL,23);
INSERT INTO SPOT VALUES(seq_spot.nextval,14,'yes',NULL,24);
INSERT INTO SPOT VALUES(seq_spot.nextval,14,'yes',NULL,25);
INSERT INTO SPOT VALUES(seq_spot.nextval,14,'no',NULL,26);
INSERT INTO SPOT VALUES(seq_spot.nextval,14,'no',NULL,27);
INSERT INTO SPOT VALUES(seq_spot.nextval,14,'yes',NULL,NULL);



INSERT INTO SPOT VALUES(seq_spot.nextval,1,'no',1,NULL);
INSERT INTO SPOT VALUES(seq_spot.nextval,1,'no',2,NULL);
INSERT INTO SPOT VALUES(seq_spot.nextval,1,'no',3,NULL);
INSERT INTO SPOT VALUES(seq_spot.nextval,1,'yes',4,NULL);
INSERT INTO SPOT VALUES(seq_spot.nextval,1,'yes',5,NULL);
INSERT INTO SPOT VALUES(seq_spot.nextval,1,'yes',6,NULL);
INSERT INTO SPOT VALUES(seq_spot.nextval,3,'no',7,NULL);
INSERT INTO SPOT VALUES(seq_spot.nextval,3,'no',8,NULL);
INSERT INTO SPOT VALUES(seq_spot.nextval,3,'no',9,NULL);
INSERT INTO SPOT VALUES(seq_spot.nextval,3,'no',10,NULL);
INSERT INTO SPOT VALUES(seq_spot.nextval,3,'no',11,NULL);
INSERT INTO SPOT VALUES(seq_spot.nextval,3,'yes',NULL,NULL);
INSERT INTO SPOT VALUES(seq_spot.nextval,3,'yes',NULL,NULL);
INSERT INTO SPOT VALUES(seq_spot.nextval,3,'yes',NULL,NULL);
INSERT INTO SPOT VALUES(seq_spot.nextval,3,'yes',NULL,NULL);
INSERT INTO SPOT VALUES(seq_spot.nextval,3,'yes',NULL,NULL);
INSERT INTO SPOT VALUES(seq_spot.nextval,4,'no',12,NULL);
INSERT INTO SPOT VALUES(seq_spot.nextval,4,'no',13,NULL);
INSERT INTO SPOT VALUES(seq_spot.nextval,4,'no',14,NULL);
INSERT INTO SPOT VALUES(seq_spot.nextval,4,'no',15,NULL);
INSERT INTO SPOT VALUES(seq_spot.nextval,4,'no',NULL,NULL);
INSERT INTO SPOT VALUES(seq_spot.nextval,4,'yes',NULL,NULL);
INSERT INTO SPOT VALUES(seq_spot.nextval,4,'yes',NULL,NULL);
INSERT INTO SPOT VALUES(seq_spot.nextval,4,'yes',NULL,NULL);
INSERT INTO SPOT VALUES(seq_spot.nextval,4,'yes',NULL,NULL);
INSERT INTO SPOT VALUES(seq_spot.nextval,4,'yes',NULL,NULL);
INSERT INTO SPOT VALUES(seq_spot.nextval,6,'no',16,NULL);
INSERT INTO SPOT VALUES(seq_spot.nextval,6,'no',17,NULL);
INSERT INTO SPOT VALUES(seq_spot.nextval,6,'no',18,NULL);
INSERT INTO SPOT VALUES(seq_spot.nextval,6,'no',19,NULL);
INSERT INTO SPOT VALUES(seq_spot.nextval,6,'no',20,NULL);
INSERT INTO SPOT VALUES(seq_spot.nextval,6,'yes',21,NULL);
INSERT INTO SPOT VALUES(seq_spot.nextval,6,'yes',22,NULL);
INSERT INTO SPOT VALUES(seq_spot.nextval,6,'yes',23,NULL);
INSERT INTO SPOT VALUES(seq_spot.nextval,6,'yes',24,NULL);
INSERT INTO SPOT VALUES(seq_spot.nextval,6,'yes',25,NULL);
INSERT INTO SPOT VALUES(seq_spot.nextval,7,'no',26,NULL);
INSERT INTO SPOT VALUES(seq_spot.nextval,7,'no',27,NULL);
INSERT INTO SPOT VALUES(seq_spot.nextval,7,'no',28,NULL);
INSERT INTO SPOT VALUES(seq_spot.nextval,7,'no',29,NULL);
INSERT INTO SPOT VALUES(seq_spot.nextval,7,'no',30,NULL);
INSERT INTO SPOT VALUES(seq_spot.nextval,7,'yes',NULL,NULL);
INSERT INTO SPOT VALUES(seq_spot.nextval,7,'yes',NULL,NULL);
INSERT INTO SPOT VALUES(seq_spot.nextval,7,'yes',NULL,NULL);
INSERT INTO SPOT VALUES(seq_spot.nextval,7,'yes',NULL,NULL);
INSERT INTO SPOT VALUES(seq_spot.nextval,7,'yes',NULL,NULL);
INSERT INTO SPOT VALUES(seq_spot.nextval,9,'no',31,NULL);
INSERT INTO SPOT VALUES(seq_spot.nextval,9,'no',32,NULL);
INSERT INTO SPOT VALUES(seq_spot.nextval,9,'no',33,NULL);
INSERT INTO SPOT VALUES(seq_spot.nextval,9,'no',34,NULL);
INSERT INTO SPOT VALUES(seq_spot.nextval,9,'no',35,NULL);
INSERT INTO SPOT VALUES(seq_spot.nextval,9,'no',36,NULL);
INSERT INTO SPOT VALUES(seq_spot.nextval,9,'yes',37,NULL);
INSERT INTO SPOT VALUES(seq_spot.nextval,9,'yes',38,NULL);
INSERT INTO SPOT VALUES(seq_spot.nextval,9,'yes',NULL,NULL);
INSERT INTO SPOT VALUES(seq_spot.nextval,9,'yes',NULL,NULL);
INSERT INTO SPOT VALUES(seq_spot.nextval,10,'no',39,NULL);
INSERT INTO SPOT VALUES(seq_spot.nextval,10,'no',40,NULL);
INSERT INTO SPOT VALUES(seq_spot.nextval,10,'no',41,NULL);
INSERT INTO SPOT VALUES(seq_spot.nextval,10,'no',42,NULL);
INSERT INTO SPOT VALUES(seq_spot.nextval,10,'no',43,NULL);
INSERT INTO SPOT VALUES(seq_spot.nextval,10,'no',44,NULL);
INSERT INTO SPOT VALUES(seq_spot.nextval,10,'yes',NULL,NULL);
INSERT INTO SPOT VALUES(seq_spot.nextval,10,'yes',NULL,NULL);
INSERT INTO SPOT VALUES(seq_spot.nextval,10,'yes',NULL,NULL);
INSERT INTO SPOT VALUES(seq_spot.nextval,10,'yes',NULL,NULL);
INSERT INTO SPOT VALUES(seq_spot.nextval,12,'no',45,NULL);
INSERT INTO SPOT VALUES(seq_spot.nextval,12,'no',46,NULL);
INSERT INTO SPOT VALUES(seq_spot.nextval,12,'no',47,NULL);
INSERT INTO SPOT VALUES(seq_spot.nextval,12,'no',48,NULL);
INSERT INTO SPOT VALUES(seq_spot.nextval,12,'no',49,NULL);
INSERT INTO SPOT VALUES(seq_spot.nextval,12,'no',50,NULL);
INSERT INTO SPOT VALUES(seq_spot.nextval,12,'yes',51,NULL);
INSERT INTO SPOT VALUES(seq_spot.nextval,12,'yes',52,NULL);
INSERT INTO SPOT VALUES(seq_spot.nextval,12,'yes',NULL,NULL);
INSERT INTO SPOT VALUES(seq_spot.nextval,12,'yes',NULL,NULL);
INSERT INTO SPOT VALUES(seq_spot.nextval,13,'no',53,NULL);
INSERT INTO SPOT VALUES(seq_spot.nextval,13,'no',54,NULL);
INSERT INTO SPOT VALUES(seq_spot.nextval,13,'no',55,NULL);
INSERT INTO SPOT VALUES(seq_spot.nextval,13,'no',56,NULL);
INSERT INTO SPOT VALUES(seq_spot.nextval,13,'no',57,NULL);
INSERT INTO SPOT VALUES(seq_spot.nextval,13,'yes',58,NULL);
INSERT INTO SPOT VALUES(seq_spot.nextval,13,'yes',59,NULL);
INSERT INTO SPOT VALUES(seq_spot.nextval,13,'yes',NULL,NULL);
INSERT INTO SPOT VALUES(seq_spot.nextval,13,'yes',NULL,NULL);
INSERT INTO SPOT VALUES(seq_spot.nextval,13,'yes',NULL,NULL);




commit;